wildtype,site,mutation,N_samples
F,456,A,21
F,456,Q,19
F,456,T,18
F,456,I,17
F,456,G,17
E,484,P,17
E,484,F,15
E,484,H,15
F,456,V,15
E,484,V,14
F,456,K,14
N,450,T,13
F,456,C,13
E,484,L,10
E,484,Y,10
G,485,D,9
E,484,I,9
F,456,R,9
V,503,T,9
K,444,G,8
C,361,P,7
E,484,A,7
C,361,N,7
E,484,C,6
C,336,G,6
F,374,N,5
E,406,W,5
G,485,P,5
Y,369,D,4
E,484,W,4
S,383,D,4
L,455,R,4
N,448,K,3
N,450,P,3
F,486,D,3
F,486,E,3
S,383,E,3
Y,369,N,3
I,472,G,2
I,472,K,2
L,390,T,2
V,445,G,2
V,362,S,2
T,385,E,2
L,455,A,2
T,385,D,2
Q,493,K,2
Y,365,A,2
N,460,G,2
I,472,D,2
Y,396,S,2
F,490,I,2
C,361,E,2
G,447,Q,2
G,447,N,2
P,499,C,2
Y,365,G,2
F,456,M,2
Y,396,T,2
Y,449,C,2
Y,365,C,1
S,366,V,1
S,366,I,1
Q,409,E,1
Y,473,N,1
Y,473,C,1
Y,473,V,1
Y,489,H,1
P,499,G,1
S,383,C,1
S,494,R,1
Y,473,A,1
Y,449,P,1
S,383,Q,1
Y,449,E,1
Y,449,D,1
V,483,K,1
V,503,E,1
Y,369,E,1
Y,365,P,1
Y,351,W,1
P,499,D,1
A,475,D,1
P,384,K,1
G,447,D,1
G,496,E,1
G,496,D,1
G,482,P,1
G,476,D,1
G,447,P,1
G,447,F,1
G,447,E,1
F,490,Q,1
G,496,R,1
F,486,S,1
F,486,N,1
F,486,K,1
F,456,Y,1
E,484,M,1
C,391,N,1
A,475,Q,1
G,496,H,1
G,504,C,1
P,384,E,1
L,517,S,1
N,481,V,1
N,448,P,1
N,448,H,1
N,448,C,1
N,440,R,1
N,440,P,1
L,518,N,1
L,455,N,1
I,472,E,1
L,455,G,1
L,455,E,1
L,452,Q,1
L,452,D,1
A,475,K,1
K,529,M,1
K,529,D,1
Y,505,Q,1
